game index,Attack Team,Defense team,Date,Level,Comp,Zone,Origin,Start,Pass,Ruck,Clear,Contest,Score,Times,time
1,SCO,ENG,2/05/2023,Elite Men International,6 Nations 2023,Own 22,Restart,1,2.0,2.0,1.0,0.0,0,0.0,0.79
1,ENG,SCO,2/05/2023,Elite Men International,6 Nations 2023,Own 50,Kick fielded,1,3.0,3.0,1.0,0.0,0,0.0,1.21
1,SCO,ENG,2/05/2023,Elite Men International,6 Nations 2023,Own 22,Kick fielded,1,1.0,2.0,1.0,0.0,0,0.0,1.51
1,ENG,SCO,2/05/2023,Elite Men International,6 Nations 2023,Opp 50,Kick fielded,1,0.0,1.0,0.0,0.0,0,0.0,1.59
1,SCO,ENG,2/05/2023,Elite Men International,6 Nations 2023,Own 50,Scrum,1,3.0,0.0,1.0,0.0,0,0.0,3.08
1,ENG,SCO,2/05/2023,Elite Men International,6 Nations 2023,Own 50,Kick fielded,1,1.0,2.0,1.0,0.0,0,0.0,3.38
1,SCO,ENG,2/05/2023,Elite Men International,6 Nations 2023,Own 50,Kick fielded,1,1.0,0.0,0.0,0.0,0,0.0,3.4
1,ENG,SCO,2/05/2023,Elite Men International,6 Nations 2023,Opp 50,Turnover,1,5.0,2.0,0.0,0.0,0,0.0,3.66
1,SCO,ENG,2/05/2023,Elite Men International,6 Nations 2023,Own 50,Scrum,1,0.0,0.0,0.0,0.0,0,0.0,4.97
1,SCO,ENG,2/05/2023,Elite Men International,6 Nations 2023,Own 50,Free-kick,1,0.0,0.0,1.0,0.0,0,0.0,5.84
1,ENG,SCO,2/05/2023,Elite Men International,6 Nations 2023,Own 22,Kick fielded,1,0.0,0.0,1.0,0.0,0,0.0,5.96
1,SCO,ENG,2/05/2023,Elite Men International,6 Nations 2023,Own 50,Kick fielded,1,0.0,0.0,1.0,0.0,0,0.0,6.08
1,ENG,SCO,2/05/2023,Elite Men International,6 Nations 2023,Own 50,Kick fielded,1,0.0,0.0,1.0,0.0,0,0.0,6.2
1,SCO,ENG,2/05/2023,Elite Men International,6 Nations 2023,Own 22,Kick fielded,1,0.0,0.0,1.0,0.0,0,0.0,6.32
1,ENG,SCO,2/05/2023,Elite Men International,6 Nations 2023,Opp 50,Lineout,1,5.0,2.0,1.0,0.0,0,0.0,7.21
1,ENG,SCO,2/05/2023,Elite Men International,6 Nations 2023,Opp 50,Restart,1,5.0,4.0,0.0,0.0,0,0.0,8.09
1,SCO,ENG,2/05/2023,Elite Men International,6 Nations 2023,Own 22,Penalty,1,0.0,0.0,1.0,0.0,0,0.0,8.96
1,SCO,ENG,2/05/2023,Elite Men International,6 Nations 2023,Own 50,Lineout,1,6.0,3.0,0.0,1.0,0,0.0,9.82
1,ENG,SCO,2/05/2023,Elite Men International,6 Nations 2023,Own 50,Kick fielded,1,3.0,2.0,1.0,0.0,0,0.0,10.17
1,SCO,ENG,2/05/2023,Elite Men International,6 Nations 2023,Own 50,Kick fielded,1,0.0,0.0,1.0,0.0,0,0.0,10.29
1,ENG,SCO,2/05/2023,Elite Men International,6 Nations 2023,Own 50,Kick fielded,1,0.0,0.0,1.0,0.0,0,0.0,10.41
1,SCO,ENG,2/05/2023,Elite Men International,6 Nations 2023,Own 50,Kick fielded,1,0.0,0.0,1.0,0.0,0,0.0,10.53
1,ENG,SCO,2/05/2023,Elite Men International,6 Nations 2023,Own 50,Kick fielded,1,0.0,0.0,1.0,0.0,0,0.0,10.65
1,SCO,ENG,2/05/2023,Elite Men International,6 Nations 2023,Own 22,Kick fielded,1,0.0,0.0,1.0,0.0,0,0.0,10.77
1,ENG,SCO,2/05/2023,Elite Men International,6 Nations 2023,Opp 50,Lineout,1,7.0,4.0,1.0,0.0,0,0.0,11.86
1,SCO,ENG,2/05/2023,Elite Men International,6 Nations 2023,Own 22,Kick fielded,1,0.0,0.0,1.0,0.0,0,0.0,11.98
1,ENG,SCO,2/05/2023,Elite Men International,6 Nations 2023,Own 50,Kick fielded,1,1.0,0.0,0.0,1.0,0,0.0,12.0
1,SCO,ENG,2/05/2023,Elite Men International,6 Nations 2023,Own 50,Kick fielded,1,1.0,2.0,1.0,0.0,0,0.0,12.3
1,ENG,SCO,2/05/2023,Elite Men International,6 Nations 2023,Own 50,Kick fielded,1,0.0,0.0,1.0,0.0,0,0.0,12.42
1,SCO,ENG,2/05/2023,Elite Men International,6 Nations 2023,Own 22,Kick fielded,1,1.0,0.0,1.0,0.0,0,0.0,12.56
1,ENG,SCO,2/05/2023,Elite Men International,6 Nations 2023,Own 50,Kick fielded,1,0.0,1.0,0.0,0.0,0,0.0,12.64
1,SCO,ENG,2/05/2023,Elite Men International,6 Nations 2023,Own 50,Penalty,1,0.0,0.0,1.0,0.0,0,0.0,13.51
1,SCO,ENG,2/05/2023,Elite Men International,6 Nations 2023,Opp 50,Lineout,1,8.0,5.0,0.0,1.0,7,15.0,15.0
1,SCO,ENG,2/05/2023,Elite Men International,6 Nations 2023,Own 22,Restart,1,1.0,2.0,0.0,0.0,0,0.0,15.639999999999997
1,SCO,ENG,2/05/2023,Elite Men International,6 Nations 2023,Own 50,Penalty,1,0.0,0.0,1.0,0.0,0,0.0,16.509999999999998
1,SCO,ENG,2/05/2023,Elite Men International,6 Nations 2023,Opp 50,Lineout,1,0.0,0.0,0.0,0.0,0,0.0,17.009999999999998
1,ENG,SCO,2/05/2023,Elite Men International,6 Nations 2023,Own 50,Penalty,1,0.0,0.0,1.0,0.0,0,0.0,17.869999999999997
1,ENG,SCO,2/05/2023,Elite Men International,6 Nations 2023,Opp 50,Lineout,1,0.0,0.0,0.0,0.0,0,0.0,18.38
1,SCO,ENG,2/05/2023,Elite Men International,6 Nations 2023,Own 50,Turnover,1,1.0,1.0,1.0,0.0,0,0.0,18.599999999999998
1,ENG,SCO,2/05/2023,Elite Men International,6 Nations 2023,Own 50,Kick fielded,1,0.0,0.0,1.0,0.0,0,0.0,18.72
1,SCO,ENG,2/05/2023,Elite Men International,6 Nations 2023,Own 22,Kick fielded,1,0.0,0.0,1.0,0.0,0,0.0,18.84
1,ENG,SCO,2/05/2023,Elite Men International,6 Nations 2023,Own 50,Kick fielded,1,0.0,0.0,0.0,1.0,0,0.0,18.84
1,SCO,ENG,2/05/2023,Elite Men International,6 Nations 2023,Own 50,Kick fielded,1,2.0,3.0,1.0,0.0,0,0.0,19.24
1,ENG,SCO,2/05/2023,Elite Men International,6 Nations 2023,Own 50,Kick fielded,1,1.0,2.0,1.0,0.0,0,0.0,19.54
1,SCO,ENG,2/05/2023,Elite Men International,6 Nations 2023,Own 50,Kick fielded,1,2.0,1.0,0.0,1.0,0,0.0,19.669999999999998
1,ENG,SCO,2/05/2023,Elite Men International,6 Nations 2023,Opp 22,Turnover,1,7.0,3.0,0.0,0.0,0,0.0,20.049999999999997
1,ENG,SCO,2/05/2023,Elite Men International,6 Nations 2023,Opp 22,Penalty,1,15.0,14.0,0.0,1.0,5,24.0,24.0
1,ENG,SCO,2/05/2023,Elite Men International,6 Nations 2023,Own 50,Restart,1,2.0,3.0,1.0,0.0,0,0.0,24.87
1,SCO,ENG,2/05/2023,Elite Men International,6 Nations 2023,Own 50,Kick fielded,1,2.0,3.0,0.0,0.0,0,0.0,25.150000000000002
1,SCO,ENG,2/05/2023,Elite Men International,6 Nations 2023,Own 50,Penalty,1,0.0,0.0,1.0,0.0,0,0.0,26.02
1,SCO,ENG,2/05/2023,Elite Men International,6 Nations 2023,Opp 50,Lineout,1,4.0,0.0,0.0,0.0,0,0.0,26.6
1,ENG,SCO,2/05/2023,Elite Men International,6 Nations 2023,Own 22,Turnover,1,1.0,1.0,1.0,0.0,0,0.0,26.82
1,SCO,ENG,2/05/2023,Elite Men International,6 Nations 2023,Own 50,Kick fielded,1,1.0,0.0,0.0,0.0,5,29.0,29.0
1,SCO,ENG,2/05/2023,Elite Men International,6 Nations 2023,Own 50,Restart,1,1.0,1.0,1.0,0.0,0,0.0,29.69
1,ENG,SCO,2/05/2023,Elite Men International,6 Nations 2023,Own 50,Kick fielded,1,1.0,2.0,1.0,0.0,0,0.0,29.990000000000002
1,SCO,ENG,2/05/2023,Elite Men International,6 Nations 2023,Own 22,Kick fielded,1,0.0,0.0,1.0,0.0,0,0.0,30.11
1,ENG,SCO,2/05/2023,Elite Men International,6 Nations 2023,Own 50,Kick fielded,1,6.0,5.0,0.0,0.0,0,0.0,30.630000000000003
1,SCO,ENG,2/05/2023,Elite Men International,6 Nations 2023,Own 22,Turnover,1,1.0,0.0,1.0,0.0,0,0.0,30.77
1,SCO,ENG,2/05/2023,Elite Men International,6 Nations 2023,Own 50,Lineout,1,1.0,0.0,0.0,0.0,0,0.0,31.3
1,ENG,SCO,2/05/2023,Elite Men International,6 Nations 2023,Opp 50,Turnover,1,2.0,1.0,0.0,0.0,0,0.0,31.42
1,SCO,ENG,2/05/2023,Elite Men International,6 Nations 2023,Own 50,Scrum,1,0.0,0.0,0.0,0.0,0,0.0,32.730000000000004
1,SCO,ENG,2/05/2023,Elite Men International,6 Nations 2023,Own 50,Penalty,1,0.0,0.0,1.0,0.0,0,0.0,33.59
1,SCO,ENG,2/05/2023,Elite Men International,6 Nations 2023,Opp 50,Lineout,1,0.0,1.0,0.0,0.0,0,0.0,34.18
1,ENG,SCO,2/05/2023,Elite Men International,6 Nations 2023,Own 50,Turnover,1,1.0,1.0,0.0,1.0,0,0.0,34.28
1,SCO,ENG,2/05/2023,Elite Men International,6 Nations 2023,Own 50,Kick fielded,1,2.0,2.0,0.0,1.0,0,0.0,34.480000000000004
1,ENG,SCO,2/05/2023,Elite Men International,6 Nations 2023,Own 50,Kick fielded,1,19.0,8.0,0.0,0.0,5,38.0,38.0
1,ENG,SCO,2/05/2023,Elite Men International,6 Nations 2023,Own 50,Restart,1,0.0,0.0,0.0,0.0,0,0.0,38.47
1,SCO,ENG,2/05/2023,Elite Men International,6 Nations 2023,Opp 50,Turnover,1,1.0,1.0,0.0,0.0,0,0.0,38.57
1,ENG,SCO,2/05/2023,Elite Men International,6 Nations 2023,Own 50,Penalty,1,0.0,0.0,1.0,0.0,0,0.0,39.43
1,ENG,SCO,2/05/2023,Elite Men International,6 Nations 2023,Opp 50,Lineout,1,8.0,5.0,0.0,0.0,0,0.0,40.5
1,ENG,SCO,2/05/2023,Elite Men International,6 Nations 2023,Opp 22,Penalty,1,0.0,0.0,0.0,0.0,3,43.0,43.0
1,ENG,SCO,2/05/2023,Elite Men International,6 Nations 2023,Own 50,Restart,1,1.0,2.0,0.0,1.0,0,0.0,43.64
1,SCO,ENG,2/05/2023,Elite Men International,6 Nations 2023,Own 50,Kick fielded,1,0.0,0.0,1.0,0.0,0,0.0,43.760000000000005
1,ENG,SCO,2/05/2023,Elite Men International,6 Nations 2023,Own 50,Lineout,1,7.0,3.0,0.0,1.0,0,0.0,44.65
1,SCO,ENG,2/05/2023,Elite Men International,6 Nations 2023,Own 50,Kick fielded,1,1.0,2.0,0.0,1.0,0,0.0,44.83
1,ENG,SCO,2/05/2023,Elite Men International,6 Nations 2023,Opp 50,Kick fielded,1,3.0,3.0,0.0,0.0,0,0.0,45.13
1,SCO,ENG,2/05/2023,Elite Men International,6 Nations 2023,Own 22,Kick fielded,1,1.0,1.0,1.0,0.0,0,0.0,45.35
1,ENG,SCO,2/05/2023,Elite Men International,6 Nations 2023,Opp 50,Lineout,1,0.0,1.0,0.0,0.0,0,0.0,45.93
1,SCO,ENG,2/05/2023,Elite Men International,6 Nations 2023,Own 50,Penalty,1,0.0,0.0,1.0,0.0,0,0.0,46.800000000000004
1,SCO,ENG,2/05/2023,Elite Men International,6 Nations 2023,Opp 50,Lineout,1,5.0,4.0,0.0,0.0,0,0.0,47.730000000000004
1,ENG,SCO,2/05/2023,Elite Men International,6 Nations 2023,Own 50,Scrum,1,0.0,0.0,0.0,0.0,0,0.0,49.03
1,ENG,SCO,2/05/2023,Elite Men International,6 Nations 2023,Own 50,Penalty,1,0.0,0.0,1.0,0.0,0,0.0,49.9
1,ENG,SCO,2/05/2023,Elite Men International,6 Nations 2023,Opp 50,Lineout,1,3.0,1.0,0.0,0.0,0,0.0,50.54
1,ENG,SCO,2/05/2023,Elite Men International,6 Nations 2023,Opp 50,Penalty,1,0.0,0.0,1.0,0.0,0,0.0,51.410000000000004
1,ENG,SCO,2/05/2023,Elite Men International,6 Nations 2023,Opp 50,Lineout,1,6.0,3.0,0.0,0.0,7,48.0,48.0
1,ENG,SCO,2/05/2023,Elite Men International,6 Nations 2023,Own 22,Restart,1,0.0,0.0,0.0,0.0,0,0.0,48.46
1,SCO,ENG,2/05/2023,Elite Men International,6 Nations 2023,Opp 22,Scrum,1,5.0,2.0,0.0,0.0,7,51.0,51.0
1,SCO,ENG,2/05/2023,Elite Men International,6 Nations 2023,Own 22,Restart,1,0.0,1.0,1.0,0.0,0,0.0,51.660000000000004
1,ENG,SCO,2/05/2023,Elite Men International,6 Nations 2023,Opp 50,Lineout,1,0.0,0.0,0.0,0.0,0,0.0,52.17
1,SCO,ENG,2/05/2023,Elite Men International,6 Nations 2023,Own 50,Turnover,1,3.0,0.0,1.0,0.0,0,0.0,52.35
1,ENG,SCO,2/05/2023,Elite Men International,6 Nations 2023,Own 50,Kick fielded,1,0.0,0.0,1.0,0.0,0,0.0,52.47
1,SCO,ENG,2/05/2023,Elite Men International,6 Nations 2023,Own 22,Kick fielded,1,0.0,0.0,1.0,0.0,0,0.0,52.59
1,ENG,SCO,2/05/2023,Elite Men International,6 Nations 2023,Own 50,Kick fielded,1,0.0,0.0,1.0,0.0,0,0.0,52.71
1,SCO,ENG,2/05/2023,Elite Men International,6 Nations 2023,Own 22,Kick fielded,1,0.0,0.0,1.0,0.0,0,0.0,52.83
1,ENG,SCO,2/05/2023,Elite Men International,6 Nations 2023,Opp 50,Lineout,1,7.0,4.0,1.0,0.0,0,0.0,53.92
1,SCO,ENG,2/05/2023,Elite Men International,6 Nations 2023,Opp 50,Scrum,1,5.0,2.0,0.0,1.0,0,0.0,55.49
1,ENG,SCO,2/05/2023,Elite Men International,6 Nations 2023,Opp 50,Lineout,1,7.0,2.0,0.0,0.0,0,0.0,56.29
1,SCO,ENG,2/05/2023,Elite Men International,6 Nations 2023,Own 22,Lineout,1,1.0,1.0,1.0,0.0,0,0.0,57.02
1,ENG,SCO,2/05/2023,Elite Men International,6 Nations 2023,Opp 50,Lineout,1,4.0,3.0,0.0,0.0,0,0.0,57.84
1,SCO,ENG,2/05/2023,Elite Men International,6 Nations 2023,Own 50,Turnover,1,0.0,1.0,1.0,0.0,0,0.0,58.05
1,ENG,SCO,2/05/2023,Elite Men International,6 Nations 2023,Own 50,Kick fielded,1,0.0,0.0,1.0,0.0,0,0.0,58.17
1,SCO,ENG,2/05/2023,Elite Men International,6 Nations 2023,Own 22,Kick fielded,1,0.0,0.0,1.0,0.0,0,0.0,58.29
1,SCO,ENG,2/05/2023,Elite Men International,6 Nations 2023,Own 22,Kick fielded,1,0.0,0.0,1.0,0.0,0,0.0,58.410000000000004
1,ENG,SCO,2/05/2023,Elite Men International,6 Nations 2023,Own 22,Kick fielded,1,0.0,0.0,1.0,0.0,0,0.0,58.53
1,SCO,ENG,2/05/2023,Elite Men International,6 Nations 2023,Own 22,Kick fielded,1,6.0,2.0,0.0,0.0,0,0.0,58.81
1,ENG,SCO,2/05/2023,Elite Men International,6 Nations 2023,Own 50,Scrum,1,0.0,0.0,0.0,0.0,0,0.0,60.120000000000005
1,ENG,SCO,2/05/2023,Elite Men International,6 Nations 2023,Own 50,Penalty,1,0.0,0.0,1.0,0.0,0,0.0,60.989999999999995
1,ENG,SCO,2/05/2023,Elite Men International,6 Nations 2023,Opp 50,Lineout,1,3.0,3.0,0.0,0.0,0,0.0,61.790000000000006
1,SCO,ENG,2/05/2023,Elite Men International,6 Nations 2023,Own 22,Kick fielded,1,0.0,0.0,1.0,0.0,0,0.0,61.91
1,ENG,SCO,2/05/2023,Elite Men International,6 Nations 2023,Opp 50,Kick fielded,1,5.0,4.0,0.0,0.0,0,0.0,62.33
1,ENG,SCO,2/05/2023,Elite Men International,6 Nations 2023,Opp 22,Penalty,1,0.0,0.0,0.0,0.0,3,65.0,65.0
1,ENG,SCO,2/05/2023,Elite Men International,6 Nations 2023,Own 22,Restart,1,0.0,1.0,1.0,0.0,0,0.0,65.66
1,SCO,ENG,2/05/2023,Elite Men International,6 Nations 2023,Own 50,Kick fielded,1,1.0,1.0,0.0,0.0,0,0.0,65.76
1,SCO,ENG,2/05/2023,Elite Men International,6 Nations 2023,Own 50,Penalty,1,0.0,0.0,1.0,0.0,0,0.0,66.63
1,SCO,ENG,2/05/2023,Elite Men International,6 Nations 2023,Opp 22,Lineout,1,13.0,5.0,0.0,1.0,0,0.0,67.8
1,SCO,ENG,2/05/2023,Elite Men International,6 Nations 2023,Opp 50,Penalty,1,0.0,0.0,0.0,0.0,3,69.0,69.0
1,SCO,ENG,2/05/2023,Elite Men International,6 Nations 2023,Own 50,Restart,1,9.0,2.0,0.0,0.0,0,0.0,69.81
1,ENG,SCO,2/05/2023,Elite Men International,6 Nations 2023,Opp 50,Lineout,1,0.0,1.0,0.0,1.0,0,0.0,70.39
1,SCO,ENG,2/05/2023,Elite Men International,6 Nations 2023,Own 22,Kick fielded,1,0.0,0.0,1.0,0.0,0,0.0,70.50999999999999
1,ENG,SCO,2/05/2023,Elite Men International,6 Nations 2023,Opp 50,Kick fielded,1,11.0,6.0,0.0,1.0,0,0.0,71.22
1,SCO,ENG,2/05/2023,Elite Men International,6 Nations 2023,Own 22,Kick fielded,1,0.0,0.0,1.0,0.0,0,0.0,71.33999999999999
1,ENG,SCO,2/05/2023,Elite Men International,6 Nations 2023,Opp 50,Kick fielded,1,1.0,1.0,0.0,0.0,0,0.0,71.44
1,SCO,ENG,2/05/2023,Elite Men International,6 Nations 2023,Own 50,Penalty,1,0.0,0.0,1.0,0.0,0,0.0,72.3
1,SCO,ENG,2/05/2023,Elite Men International,6 Nations 2023,Own 50,Lineout,1,2.0,2.0,1.0,0.0,0,0.0,73.13
1,ENG,SCO,2/05/2023,Elite Men International,6 Nations 2023,Opp 50,Lineout,1,0.0,0.0,1.0,0.0,0,0.0,73.75
1,SCO,ENG,2/05/2023,Elite Men International,6 Nations 2023,Own 22,Free-kick,1,0.0,0.0,1.0,0.0,0,0.0,74.61999999999999
1,ENG,SCO,2/05/2023,Elite Men International,6 Nations 2023,Own 50,Kick fielded,1,0.0,0.0,1.0,0.0,0,0.0,74.74
1,SCO,ENG,2/05/2023,Elite Men International,6 Nations 2023,Own 50,Kick fielded,1,13.0,5.0,0.0,0.0,7,74.0,74.0
1,SCO,ENG,2/05/2023,Elite Men International,6 Nations 2023,Own 50,Restart,1,2.0,2.0,1.0,0.0,0,0.0,74.79
1,ENG,SCO,2/05/2023,Elite Men International,6 Nations 2023,Own 50,Kick fielded,1,12.0,11.0,0.0,1.0,0,0.0,75.92
1,ENG,SCO,2/05/2023,Elite Men International,6 Nations 2023,Opp 22,Penalty,1,0.0,0.0,1.0,0.0,0,0.0,76.78
1,ENG,SCO,2/05/2023,Elite Men International,6 Nations 2023,Opp 22,Lineout,1,8.0,7.0,0.0,0.0,0,82.0,82.0
2,IRE,FRA,2/12/2023,Elite Men International,6 Nations 2023,Own 22,Restart,1,3.0,2.0,0.0,1.0,0,0.0,0.74
2,IRE,FRA,2/12/2023,Elite Men International,6 Nations 2023,Own 50,Scrum,1,2.0,0.0,1.0,0.0,0,0.0,2.32
2,FRA,IRE,2/12/2023,Elite Men International,6 Nations 2023,Own 50,Kick fielded,1,7.0,5.0,0.0,1.0,0,0.0,2.91
2,IRE,FRA,2/12/2023,Elite Men International,6 Nations 2023,Own 50,Kick fielded,1,0.0,0.0,0.0,0.0,0,0.0,2.91
2,FRA,IRE,2/12/2023,Elite Men International,6 Nations 2023,Opp 50,Turnover,1,11.0,8.0,0.0,0.0,0,0.0,3.84
2,FRA,IRE,2/12/2023,Elite Men International,6 Nations 2023,Opp 50,Penalty,1,0.0,0.0,0.0,0.0,3,4.0,4.0
2,FRA,IRE,2/12/2023,Elite Men International,6 Nations 2023,Own 50,Restart,1,0.0,1.0,1.0,0.0,0,0.0,4.720000000000001
2,IRE,FRA,2/12/2023,Elite Men International,6 Nations 2023,Own 50,Kick fielded,1,6.0,2.0,1.0,0.0,0,0.0,5.16
2,FRA,IRE,2/12/2023,Elite Men International,6 Nations 2023,Own 22,Kick fielded,1,0.0,1.0,0.0,0.0,0,0.0,5.24
2,IRE,FRA,2/12/2023,Elite Men International,6 Nations 2023,Opp 22,Lineout,1,7.0,10.0,0.0,0.0,0,0.0,6.800000000000001
2,IRE,FRA,2/12/2023,Elite Men International,6 Nations 2023,Own 50,Restart,1,2.0,0.0,0.0,0.0,7,8.0,8.0
2,IRE,FRA,2/12/2023,Elite Men International,6 Nations 2023,Own 50,Restart,1,0.0,1.0,1.0,0.0,0,0.0,8.719999999999999
2,FRA,IRE,2/12/2023,Elite Men International,6 Nations 2023,Own 50,Kick fielded,1,3.0,4.0,0.0,1.0,0,0.0,9.129999999999999
2,IRE,FRA,2/12/2023,Elite Men International,6 Nations 2023,Own 50,Scrum,1,1.0,0.0,1.0,0.0,0,0.0,10.7
2,FRA,IRE,2/12/2023,Elite Men International,6 Nations 2023,Own 50,Kick fielded,1,13.0,6.0,1.0,0.0,0,0.0,11.629999999999999
2,FRA,IRE,2/12/2023,Elite Men International,6 Nations 2023,Opp 50,Penalty,1,0.0,0.0,0.0,0.0,3,14.0,14.0
2,FRA,IRE,2/12/2023,Elite Men International,6 Nations 2023,Own 50,Restart,1,1.0,2.0,1.0,0.0,0,0.0,14.83
2,IRE,FRA,2/12/2023,Elite Men International,6 Nations 2023,Own 50,Kick fielded,1,0.0,0.0,0.0,1.0,0,0.0,14.83
2,FRA,IRE,2/12/2023,Elite Men International,6 Nations 2023,Own 50,Kick fielded,1,4.0,2.0,1.0,0.0,0,0.0,15.219999999999999
2,IRE,FRA,2/12/2023,Elite Men International,6 Nations 2023,Own 50,Kick fielded,1,1.0,0.0,0.0,1.0,0,0.0,15.24
2,FRA,IRE,2/12/2023,Elite Men International,6 Nations 2023,Own 50,Kick fielded,1,4.0,0.0,1.0,0.0,0,0.0,15.459999999999999
2,IRE,FRA,2/12/2023,Elite Men International,6 Nations 2023,Own 50,Kick fielded,1,0.0,0.0,0.0,0.0,0,0.0,15.459999999999999
2,FRA,IRE,2/12/2023,Elite Men International,6 Nations 2023,Own 50,Kick fielded,1,4.0,0.0,0.0,0.0,7,17.0,17.0
2,FRA,IRE,2/12/2023,Elite Men International,6 Nations 2023,Own 22,Restart,1,0.0,0.0,0.0,0.0,0,0.0,17.5
2,IRE,FRA,2/12/2023,Elite Men International,6 Nations 2023,Opp 22,Turnover,1,11.0,5.0,0.0,0.0,5,21.0,21.0
2,IRE,FRA,2/12/2023,Elite Men International,6 Nations 2023,Own 22,Restart,1,0.0,1.0,1.0,0.0,0,0.0,21.71
2,FRA,IRE,2/12/2023,Elite Men International,6 Nations 2023,Own 50,Kick fielded,1,0.0,1.0,0.0,0.0,0,0.0,21.8
2,IRE,FRA,2/12/2023,Elite Men International,6 Nations 2023,Own 50,Penalty,1,0.0,0.0,1.0,0.0,0,0.0,22.73
2,IRE,FRA,2/12/2023,Elite Men International,6 Nations 2023,Opp 22,Lineout,1,0.0,0.0,0.0,0.0,0,0.0,23.28
2,FRA,IRE,2/12/2023,Elite Men International,6 Nations 2023,Own 22,Turnover,1,0.0,1.0,1.0,0.0,0,0.0,23.49
2,IRE,FRA,2/12/2023,Elite Men International,6 Nations 2023,Own 50,Kick fielded,1,0.0,0.0,0.0,1.0,0,0.0,23.49
2,FRA,IRE,2/12/2023,Elite Men International,6 Nations 2023,Own 50,Kick fielded,1,2.0,2.0,0.0,0.0,0,0.0,23.71
2,IRE,FRA,2/12/2023,Elite Men International,6 Nations 2023,Opp 50,Turnover,1,18.0,8.0,0.0,0.0,0,0.0,24.8
2,IRE,FRA,2/12/2023,Elite Men International,6 Nations 2023,Opp 22,Penalty,1,0.0,0.0,0.0,0.0,0,0.0,25.6
2,IRE,FRA,2/12/2023,Elite Men International,6 Nations 2023,Opp 22,Scrum,1,1.0,3.0,0.0,0.0,7,26.0,26.0
2,IRE,FRA,2/12/2023,Elite Men International,6 Nations 2023,Own 22,Restart,1,4.0,2.0,1.0,0.0,0,0.0,26.89
2,FRA,IRE,2/12/2023,Elite Men International,6 Nations 2023,Opp 22,Lineout,1,3.0,1.0,0.0,0.0,0,0.0,27.58
2,IRE,FRA,2/12/2023,Elite Men International,6 Nations 2023,Own 22,Turnover,1,18.0,10.0,0.0,0.0,0,0.0,28.84
2,FRA,IRE,2/12/2023,Elite Men International,6 Nations 2023,Own 22,Penalty,1,0.0,0.0,1.0,0.0,0,0.0,29.779999999999998
2,FRA,IRE,2/12/2023,Elite Men International,6 Nations 2023,Own 50,Lineout,1,2.0,2.0,0.0,1.0,0,0.0,30.529999999999998
2,FRA,IRE,2/12/2023,Elite Men International,6 Nations 2023,Opp 50,Penalty,1,0.0,0.0,0.0,0.0,3,32.0,32.0
2,FRA,IRE,2/12/2023,Elite Men International,6 Nations 2023,Own 50,Restart,1,0.0,1.0,1.0,0.0,0,0.0,32.71
2,IRE,FRA,2/12/2023,Elite Men International,6 Nations 2023,Own 50,Kick fielded,1,3.0,1.0,1.0,0.0,0,0.0,33.0
2,FRA,IRE,2/12/2023,Elite Men International,6 Nations 2023,Own 50,Kick fielded,1,2.0,1.0,1.0,0.0,0,0.0,33.26
2,IRE,FRA,2/12/2023,Elite Men International,6 Nations 2023,Own 50,Kick fielded,1,0.0,0.0,1.0,0.0,0,0.0,33.39
2,FRA,IRE,2/12/2023,Elite Men International,6 Nations 2023,Own 50,Kick fielded,1,0.0,0.0,1.0,0.0,0,0.0,33.519999999999996
2,IRE,FRA,2/12/2023,Elite Men International,6 Nations 2023,Own 22,Kick fielded,1,0.0,0.0,1.0,0.0,0,0.0,33.65
2,FRA,IRE,2/12/2023,Elite Men International,6 Nations 2023,Own 50,Lineout,1,5.0,2.0,0.0,0.0,0,0.0,34.47
2,IRE,FRA,2/12/2023,Elite Men International,6 Nations 2023,Own 50,Turnover,1,2.0,0.0,1.0,0.0,0,0.0,34.65
2,FRA,IRE,2/12/2023,Elite Men International,6 Nations 2023,Own 22,Kick fielded,1,6.0,4.0,0.0,0.0,0,0.0,35.12
2,IRE,FRA,2/12/2023,Elite Men International,6 Nations 2023,Own 50,Turnover,1,2.0,0.0,0.0,1.0,0,0.0,35.17
2,FRA,IRE,2/12/2023,Elite Men International,6 Nations 2023,Own 22,Kick fielded,1,0.0,1.0,0.0,0.0,0,0.0,35.25
2,IRE,FRA,2/12/2023,Elite Men International,6 Nations 2023,Opp 22,Turnover,1,3.0,2.0,0.0,0.0,0,0.0,35.49
2,FRA,IRE,2/12/2023,Elite Men International,6 Nations 2023,Own 22,Lineout,1,1.0,0.0,0.0,0.0,0,0.0,36.06
2,IRE,FRA,2/12/2023,Elite Men International,6 Nations 2023,Opp 22,Turnover,1,0.0,1.0,0.0,0.0,0,0.0,36.14
2,IRE,FRA,2/12/2023,Elite Men International,6 Nations 2023,Opp 22,Scrum,1,0.0,0.0,0.0,0.0,0,0.0,37.55
2,IRE,FRA,2/12/2023,Elite Men International,6 Nations 2023,Opp 22,Free-kick,1,4.0,8.0,0.0,0.0,0,0.0,39.14
2,IRE,FRA,2/12/2023,Elite Men International,6 Nations 2023,Opp 22,Penalty,1,0.0,0.0,0.0,0.0,3,40.0,40.0
2,FRA,IRE,2/12/2023,Elite Men International,6 Nations 2023,Own 50,Restart,1,0.0,1.0,1.0,0.0,0,0.0,40.72
2,IRE,FRA,2/12/2023,Elite Men International,6 Nations 2023,Own 50,Kick fielded,1,11.0,6.0,0.0,1.0,0,0.0,41.480000000000004
2,FRA,IRE,2/12/2023,Elite Men International,6 Nations 2023,Own 50,Kick fielded,1,1.0,3.0,1.0,1.0,0,0.0,41.89
2,FRA,IRE,2/12/2023,Elite Men International,6 Nations 2023,Own 50,Free-kick,1,2.0,0.0,1.0,0.0,0,0.0,42.870000000000005
2,IRE,FRA,2/12/2023,Elite Men International,6 Nations 2023,Own 50,Kick fielded,1,0.0,0.0,1.0,0.0,0,0.0,43.0
2,IRE,FRA,2/12/2023,Elite Men International,6 Nations 2023,Opp 50,Lineout,1,16.0,8.0,1.0,0.0,0,0.0,44.71
2,FRA,IRE,2/12/2023,Elite Men International,6 Nations 2023,Own 22,Turnover,1,3.0,1.0,0.0,1.0,0,0.0,44.86
2,IRE,FRA,2/12/2023,Elite Men International,6 Nations 2023,Own 50,Kick fielded,1,0.0,1.0,0.0,0.0,0,0.0,44.95
2,FRA,IRE,2/12/2023,Elite Men International,6 Nations 2023,Opp 50,Penalty,1,0.0,0.0,0.0,0.0,0,0.0,45.75
2,FRA,IRE,2/12/2023,Elite Men International,6 Nations 2023,Own 50,Restart,1,3.0,2.0,0.0,1.0,0,0.0,46.49
2,IRE,FRA,2/12/2023,Elite Men International,6 Nations 2023,Own 50,Kick fielded,1,0.0,1.0,0.0,0.0,0,0.0,46.58
2,FRA,IRE,2/12/2023,Elite Men International,6 Nations 2023,Opp 50,Turnover,1,5.0,3.0,0.0,0.0,0,0.0,46.95
2,IRE,FRA,2/12/2023,Elite Men International,6 Nations 2023,Own 22,Penalty,1,0.0,0.0,1.0,0.0,0,0.0,47.88
2,IRE,FRA,2/12/2023,Elite Men International,6 Nations 2023,Own 50,Lineout,1,2.0,3.0,0.0,2.0,0,0.0,48.730000000000004
2,FRA,IRE,2/12/2023,Elite Men International,6 Nations 2023,Own 50,Kick fielded,1,6.0,2.0,0.0,0.0,0,0.0,49.03
2,IRE,FRA,2/12/2023,Elite Men International,6 Nations 2023,Own 22,Free-kick,1,0.0,0.0,1.0,0.0,0,0.0,49.96
2,FRA,IRE,2/12/2023,Elite Men International,6 Nations 2023,Own 50,Kick fielded,1,0.0,0.0,1.0,0.0,0,0.0,50.09
2,IRE,FRA,2/12/2023,Elite Men International,6 Nations 2023,Own 22,Kick fielded,1,0.0,0.0,1.0,0.0,0,0.0,50.22
2,FRA,IRE,2/12/2023,Elite Men International,6 Nations 2023,Own 50,Kick fielded,1,0.0,0.0,0.0,1.0,0,0.0,50.22
2,IRE,FRA,2/12/2023,Elite Men International,6 Nations 2023,Own 50,Penalty,1,0.0,0.0,1.0,0.0,0,0.0,51.160000000000004
2,IRE,FRA,2/12/2023,Elite Men International,6 Nations 2023,Opp 50,Lineout,1,0.0,0.0,0.0,0.0,0,0.0,51.7
2,FRA,IRE,2/12/2023,Elite Men International,6 Nations 2023,Own 50,Scrum,1,1.0,0.0,1.0,0.0,0,0.0,53.26
2,IRE,FRA,2/12/2023,Elite Men International,6 Nations 2023,Own 50,Lineout,1,1.0,1.0,0.0,0.0,0,0.0,53.910000000000004
2,FRA,IRE,2/12/2023,Elite Men International,6 Nations 2023,Own 50,Kick fielded,1,0.0,0.0,1.0,0.0,0,0.0,54.050000000000004
2,IRE,FRA,2/12/2023,Elite Men International,6 Nations 2023,Own 22,Kick fielded,1,0.0,0.0,1.0,0.0,0,0.0,54.18
2,FRA,IRE,2/12/2023,Elite Men International,6 Nations 2023,Own 50,Kick fielded,1,0.0,0.0,0.0,1.0,0,0.0,54.18
2,IRE,FRA,2/12/2023,Elite Men International,6 Nations 2023,Own 50,Kick fielded,1,1.0,1.0,1.0,0.0,0,0.0,54.410000000000004
2,FRA,IRE,2/12/2023,Elite Men International,6 Nations 2023,Own 50,Kick fielded,1,0.0,0.0,1.0,0.0,0,0.0,54.54
2,IRE,FRA,2/12/2023,Elite Men International,6 Nations 2023,Own 50,Kick fielded,1,0.0,0.0,1.0,0.0,0,0.0,54.67
2,FRA,IRE,2/12/2023,Elite Men International,6 Nations 2023,Own 50,Kick fielded,1,0.0,0.0,1.0,0.0,0,0.0,54.800000000000004
2,IRE,FRA,2/12/2023,Elite Men International,6 Nations 2023,Own 50,Lineout,1,0.0,0.0,0.0,0.0,0,0.0,55.35
2,FRA,IRE,2/12/2023,Elite Men International,6 Nations 2023,Opp 50,Lineout,1,5.0,2.0,1.0,0.0,0,0.0,56.300000000000004
2,IRE,FRA,2/12/2023,Elite Men International,6 Nations 2023,Own 22,Kick fielded,1,0.0,0.0,1.0,0.0,0,0.0,56.43
2,FRA,IRE,2/12/2023,Elite Men International,6 Nations 2023,Own 50,Kick fielded,1,13.0,4.0,1.0,0.0,0,0.0,57.190000000000005
2,IRE,FRA,2/12/2023,Elite Men International,6 Nations 2023,Own 50,Kick fielded,1,0.0,0.0,1.0,0.0,0,0.0,57.32
2,FRA,IRE,2/12/2023,Elite Men International,6 Nations 2023,Own 50,Lineout,1,1.0,0.0,1.0,0.0,0,0.0,58.02
2,IRE,FRA,2/12/2023,Elite Men International,6 Nations 2023,Own 50,Kick fielded,1,1.0,0.0,1.0,0.0,0,0.0,58.17
2,IRE,FRA,2/12/2023,Elite Men International,6 Nations 2023,Opp 22,Lineout,1,8.0,6.0,0.0,0.0,0,0.0,59.410000000000004
2,IRE,FRA,2/12/2023,Elite Men International,6 Nations 2023,Opp 22,Penalty,1,0.0,0.0,0.0,0.0,3,59.0,59.0
2,IRE,FRA,2/12/2023,Elite Men International,6 Nations 2023,Own 22,Restart,1,3.0,0.0,1.0,0.0,0,0.0,59.69
2,FRA,IRE,2/12/2023,Elite Men International,6 Nations 2023,Own 50,Kick fielded,1,19.0,11.0,0.0,0.0,3,61.0,61.0
2,FRA,IRE,2/12/2023,Elite Men International,6 Nations 2023,Own 22,Restart,1,0.0,0.0,1.0,0.0,0,0.0,61.629999999999995
2,IRE,FRA,2/12/2023,Elite Men International,6 Nations 2023,Own 50,Kick fielded,1,16.0,4.0,1.0,1.0,0,0.0,62.459999999999994
2,FRA,IRE,2/12/2023,Elite Men International,6 Nations 2023,Own 22,Lineout,1,0.0,0.0,0.0,0.0,0,0.0,63.0
2,IRE,FRA,2/12/2023,Elite Men International,6 Nations 2023,Opp 22,Turnover,1,3.0,4.0,0.0,0.0,0,0.0,63.41
2,IRE,FRA,2/12/2023,Elite Men International,6 Nations 2023,Opp 50,Restart,1,10.0,6.0,0.0,0.0,0,0.0,64.64999999999999
2,FRA,IRE,2/12/2023,Elite Men International,6 Nations 2023,Own 50,Penalty,1,0.0,0.0,1.0,0.0,0,0.0,65.58
2,FRA,IRE,2/12/2023,Elite Men International,6 Nations 2023,Opp 50,Lineout,1,9.0,3.0,0.0,0.0,0,0.0,66.58
2,IRE,FRA,2/12/2023,Elite Men International,6 Nations 2023,Opp 50,Turnover,1,0.0,1.0,0.0,0.0,0,0.0,66.67
2,FRA,IRE,2/12/2023,Elite Men International,6 Nations 2023,Own 50,Turnover,1,2.0,0.0,1.0,0.0,0,0.0,66.84
2,IRE,FRA,2/12/2023,Elite Men International,6 Nations 2023,Own 50,Kick fielded,1,5.0,4.0,0.0,1.0,0,0.0,67.3
2,IRE,FRA,2/12/2023,Elite Men International,6 Nations 2023,Opp 50,Restart,1,8.0,5.0,0.0,1.0,0,0.0,68.39999999999999
2,FRA,IRE,2/12/2023,Elite Men International,6 Nations 2023,Own 22,Lineout,1,0.0,0.0,1.0,0.0,0,0.0,69.08
2,IRE,FRA,2/12/2023,Elite Men International,6 Nations 2023,Opp 50,Kick fielded,1,24.0,18.0,0.0,0.0,7,71.0,71.0
2,IRE,FRA,2/12/2023,Elite Men International,6 Nations 2023,Own 50,Restart,1,1.0,1.0,1.0,0.0,0,0.0,71.73
2,FRA,IRE,2/12/2023,Elite Men International,6 Nations 2023,Own 50,Kick fielded,1,0.0,0.0,1.0,0.0,0,0.0,71.86000000000001
2,IRE,FRA,2/12/2023,Elite Men International,6 Nations 2023,Own 50,Kick fielded,1,0.0,0.0,1.0,0.0,0,0.0,71.99000000000001
2,FRA,IRE,2/12/2023,Elite Men International,6 Nations 2023,Own 50,Kick fielded,1,2.0,1.0,0.0,1.0,0,0.0,72.12
2,IRE,FRA,2/12/2023,Elite Men International,6 Nations 2023,Own 22,Turnover,1,1.0,1.0,1.0,0.0,0,0.0,72.36000000000001
2,FRA,IRE,2/12/2023,Elite Men International,6 Nations 2023,Opp 50,Kick fielded,1,1.0,1.0,0.0,0.0,0,0.0,72.47000000000001
2,IRE,FRA,2/12/2023,Elite Men International,6 Nations 2023,Own 50,Turnover,1,0.0,1.0,0.0,0.0,0,0.0,72.56
2,IRE,FRA,2/12/2023,Elite Men International,6 Nations 2023,Own 50,Penalty,1,0.0,0.0,1.0,0.0,0,0.0,73.49000000000001
2,IRE,FRA,2/12/2023,Elite Men International,6 Nations 2023,Opp 50,Lineout,1,6.0,2.0,0.0,1.0,0,0.0,74.34
2,FRA,IRE,2/12/2023,Elite Men International,6 Nations 2023,Own 22,Kick fielded,1,1.0,2.0,1.0,0.0,0,0.0,74.66000000000001
2,IRE,FRA,2/12/2023,Elite Men International,6 Nations 2023,Opp 22,Turnover,1,0.0,0.0,0.0,0.0,0,0.0,74.66000000000001
2,FRA,IRE,2/12/2023,Elite Men International,6 Nations 2023,Own 22,Turnover,1,2.0,2.0,1.0,0.0,0,0.0,75.01
2,IRE,FRA,2/12/2023,Elite Men International,6 Nations 2023,Opp 50,Lineout,1,2.0,0.0,0.0,0.0,0,0.0,75.60000000000001
2,FRA,IRE,2/12/2023,Elite Men International,6 Nations 2023,Own 22,Turnover,1,6.0,0.0,0.0,0.0,0,0.0,75.73
2,FRA,IRE,2/12/2023,Elite Men International,6 Nations 2023,Own 50,Lineout,1,5.0,3.0,0.0,0.0,0,0.0,76.64
2,FRA,IRE,2/12/2023,Elite Men International,6 Nations 2023,Own 50,Penalty,1,0.0,0.0,1.0,0.0,0,0.0,77.57000000000001
2,FRA,IRE,2/12/2023,Elite Men International,6 Nations 2023,Opp 50,Lineout,1,3.0,0.0,0.0,0.0,0,82.0,82.0
3,WAL,IRE,2/04/2023,Elite Men International,6 Nations 2023,Own 22,Restart,1,0.0,0.0,1.0,0.0,0,0.0,0.53
3,IRE,WAL,2/04/2023,Elite Men International,6 Nations 2023,Own 50,Kick fielded,1,4.0,2.0,0.0,1.0,0,0.0,0.75
3,WAL,IRE,2/04/2023,Elite Men International,6 Nations 2023,Own 22,Kick fielded,1,1.0,0.0,1.0,0.0,0,0.0,0.88
3,IRE,WAL,2/04/2023,Elite Men International,6 Nations 2023,Opp 22,Lineout,1,7.0,7.0,0.0,0.0,7,2.0,2.0
3,IRE,WAL,2/04/2023,Elite Men International,6 Nations 2023,Own 22,Restart,1,1.0,2.0,0.0,1.0,0,0.0,2.5799999999999996
3,WAL,IRE,2/04/2023,Elite Men International,6 Nations 2023,Opp 50,Kick fielded,1,5.0,3.0,0.0,0.0,0,0.0,2.89
3,IRE,WAL,2/04/2023,Elite Men International,6 Nations 2023,Own 50,Lineout,1,1.0,1.0,0.0,1.0,0,0.0,3.44
3,WAL,IRE,2/04/2023,Elite Men International,6 Nations 2023,Own 50,Kick fielded,1,1.0,2.0,0.0,1.0,0,0.0,3.6
3,IRE,WAL,2/04/2023,Elite Men International,6 Nations 2023,Own 50,Kick fielded,1,2.0,3.0,0.0,1.0,0,0.0,3.86
3,IRE,WAL,2/04/2023,Elite Men International,6 Nations 2023,Own 50,Penalty,1,0.0,0.0,1.0,0.0,0,0.0,4.65
3,IRE,WAL,2/04/2023,Elite Men International,6 Nations 2023,Opp 50,Lineout,1,14.0,9.0,0.0,0.0,0,0.0,6.02
3,IRE,WAL,2/04/2023,Elite Men International,6 Nations 2023,Opp 22,Penalty,1,2.0,2.0,0.0,0.0,7,9.0,9.0
3,IRE,WAL,2/04/2023,Elite Men International,6 Nations 2023,Own 22,Restart,1,0.0,1.0,0.0,0.0,0,0.0,9.49
3,IRE,WAL,2/04/2023,Elite Men International,6 Nations 2023,Own 22,Penalty,1,0.0,0.0,1.0,0.0,0,0.0,10.280000000000001
3,IRE,WAL,2/04/2023,Elite Men International,6 Nations 2023,Own 50,Lineout,1,1.0,1.0,0.0,1.0,0,0.0,10.83
3,WAL,IRE,2/04/2023,Elite Men International,6 Nations 2023,Own 22,Free-kick,1,0.0,0.0,1.0,0.0,0,0.0,11.610000000000001
3,IRE,WAL,2/04/2023,Elite Men International,6 Nations 2023,Own 50,Kick fielded,1,4.0,2.0,0.0,0.0,0,0.0,11.83
3,IRE,WAL,2/04/2023,Elite Men International,6 Nations 2023,Own 50,Turnover,1,0.0,0.0,0.0,1.0,0,0.0,11.83
3,WAL,IRE,2/04/2023,Elite Men International,6 Nations 2023,Opp 22,Scrum,1,2.0,3.0,0.0,0.0,0,0.0,13.280000000000001
3,WAL,IRE,2/04/2023,Elite Men International,6 Nations 2023,Opp 22,Penalty,1,0.0,0.0,0.0,0.0,3,0.0,13.950000000000001
3,WAL,IRE,2/04/2023,Elite Men International,6 Nations 2023,Own 22,Restart,1,0.0,1.0,0.0,1.0,0,0.0,14.450000000000001
3,IRE,WAL,2/04/2023,Elite Men International,6 Nations 2023,Opp 50,Kick fielded,1,0.0,1.0,0.0,0.0,0,0.0,14.520000000000001
3,IRE,WAL,2/04/2023,Elite Men International,6 Nations 2023,Opp 50,Penalty,1,0.0,0.0,1.0,0.0,0,0.0,15.299999999999999
3,IRE,WAL,2/04/2023,Elite Men International,6 Nations 2023,Opp 22,Lineout,1,4.0,5.0,0.0,0.0,0,0.0,16.200000000000003
3,IRE,WAL,2/04/2023,Elite Men International,6 Nations 2023,Opp 22,Scrum,1,1.0,0.0,0.0,0.0,0,0.0,17.410000000000004
3,IRE,WAL,2/04/2023,Elite Men International,6 Nations 2023,Opp 22,Penalty,1,0.0,0.0,0.0,0.0,3,0.0,18.08
3,IRE,WAL,2/04/2023,Elite Men International,6 Nations 2023,Own 50,Restart,1,0.0,1.0,0.0,1.0,0,0.0,18.58
3,WAL,IRE,2/04/2023,Elite Men International,6 Nations 2023,Own 50,Kick fielded,1,20.0,8.0,0.0,0.0,0,0.0,19.53
3,IRE,WAL,2/04/2023,Elite Men International,6 Nations 2023,Own 50,Turnover,1,0.0,0.0,0.0,0.0,7,21.0,21.0
3,IRE,WAL,2/04/2023,Elite Men International,6 Nations 2023,Own 22,Restart,1,0.0,1.0,0.0,0.0,0,0.0,21.490000000000002
3,WAL,IRE,2/04/2023,Elite Men International,6 Nations 2023,Opp 22,Scrum,1,3.0,2.0,0.0,0.0,0,0.0,22.88
3,IRE,WAL,2/04/2023,Elite Men International,6 Nations 2023,Own 22,Penalty,1,0.0,0.0,1.0,0.0,0,0.0,23.67
3,IRE,WAL,2/04/2023,Elite Men International,6 Nations 2023,Own 50,Lineout,1,1.0,1.0,0.0,1.0,0,0.0,24.22
3,IRE,WAL,2/04/2023,Elite Men International,6 Nations 2023,Own 50,Penalty,1,0.0,0.0,1.0,0.0,0,0.0,25.0
3,IRE,WAL,2/04/2023,Elite Men International,6 Nations 2023,Opp 50,Lineout,1,7.0,3.0,0.0,0.0,0,0.0,25.81
3,IRE,WAL,2/04/2023,Elite Men International,6 Nations 2023,Opp 50,Penalty,1,0.0,0.0,0.0,0.0,3,0.0,26.48
3,IRE,WAL,2/04/2023,Elite Men International,6 Nations 2023,Own 22,Restart,1,0.0,1.0,1.0,0.0,0,0.0,27.09
3,WAL,IRE,2/04/2023,Elite Men International,6 Nations 2023,Own 50,Kick fielded,1,2.0,2.0,0.0,1.0,0,0.0,27.27
3,IRE,WAL,2/04/2023,Elite Men International,6 Nations 2023,Own 50,Kick fielded,1,10.0,6.0,0.0,2.0,0,0.0,27.89
3,WAL,IRE,2/04/2023,Elite Men International,6 Nations 2023,Own 22,Kick fielded,1,1.0,2.0,0.0,0.0,0,0.0,28.05
3,WAL,IRE,2/04/2023,Elite Men International,6 Nations 2023,Own 22,Penalty,1,0.0,0.0,1.0,0.0,0,0.0,28.84
3,WAL,IRE,2/04/2023,Elite Men International,6 Nations 2023,Own 50,Lineout,1,1.0,1.0,0.0,1.0,0,0.0,29.39
3,IRE,WAL,2/04/2023,Elite Men International,6 Nations 2023,Opp 50,Kick fielded,1,4.0,4.0,0.0,1.0,0,0.0,29.75
3,WAL,IRE,2/04/2023,Elite Men International,6 Nations 2023,Own 22,Kick fielded,1,0.0,0.0,0.0,0.0,0,0.0,29.75
3,WAL,IRE,2/04/2023,Elite Men International,6 Nations 2023,Own 22,Free-kick,1,0.0,0.0,1.0,0.0,0,0.0,30.54
3,IRE,WAL,2/04/2023,Elite Men International,6 Nations 2023,Own 50,Kick fielded,1,0.0,1.0,0.0,0.0,0,0.0,30.61
3,IRE,WAL,2/04/2023,Elite Men International,6 Nations 2023,Opp 50,Penalty,1,0.0,0.0,1.0,0.0,0,0.0,31.400000000000002
3,IRE,WAL,2/04/2023,Elite Men International,6 Nations 2023,Opp 22,Lineout,1,3.0,3.0,0.0,0.0,0,0.0,32.129999999999995
3,WAL,IRE,2/04/2023,Elite Men International,6 Nations 2023,Own 22,Scrum,1,0.0,0.0,0.0,0.0,0,0.0,33.32000000000001
3,WAL,IRE,2/04/2023,Elite Men International,6 Nations 2023,Own 22,Penalty,1,0.0,0.0,1.0,0.0,0,0.0,34.099999999999994
3,WAL,IRE,2/04/2023,Elite Men International,6 Nations 2023,Own 50,Lineout,1,3.0,1.0,0.0,1.0,0,0.0,34.69
3,IRE,WAL,2/04/2023,Elite Men International,6 Nations 2023,Own 50,Kick fielded,1,0.0,0.0,0.0,0.0,0,0.0,34.69
3,WAL,IRE,2/04/2023,Elite Men International,6 Nations 2023,Opp 50,Penalty,1,0.0,0.0,1.0,0.0,0,0.0,35.480000000000004
3,WAL,IRE,2/04/2023,Elite Men International,6 Nations 2023,Opp 22,Lineout,1,3.0,2.0,0.0,0.0,0,0.0,36.129999999999995
3,WAL,IRE,2/04/2023,Elite Men International,6 Nations 2023,Own 50,Restart,1,4.0,1.0,0.0,0.0,0,0.0,36.7
3,IRE,WAL,2/04/2023,Elite Men International,6 Nations 2023,Own 50,Scrum,1,1.0,0.0,1.0,0.0,0,0.0,38.019999999999996
3,WAL,IRE,2/04/2023,Elite Men International,6 Nations 2023,Own 22,Kick fielded,1,0.0,0.0,1.0,0.0,0,0.0,38.129999999999995
3,IRE,WAL,2/04/2023,Elite Men International,6 Nations 2023,Own 50,Kick fielded,1,0.0,0.0,0.0,1.0,0,0.0,38.129999999999995
3,WAL,IRE,2/04/2023,Elite Men International,6 Nations 2023,Own 50,Kick fielded,1,3.0,2.0,0.0,1.0,0,0.0,38.33
3,IRE,WAL,2/04/2023,Elite Men International,6 Nations 2023,Own 50,Kick fielded,1,1.0,2.0,0.0,1.0,0,0.0,38.489999999999995
3,WAL,IRE,2/04/2023,Elite Men International,6 Nations 2023,Own 50,Kick fielded,1,9.0,4.0,0.0,0.0,0,0.0,38.95
3,WAL,IRE,2/04/2023,Elite Men International,6 Nations 2023,Opp 50,Penalty,1,0.0,0.0,1.0,0.0,0,0.0,39.730000000000004
3,WAL,IRE,2/04/2023,Elite Men International,6 Nations 2023,Opp 22,Lineout,1,0.0,0.0,0.0,0.0,0,0.0,40.19
3,IRE,WAL,2/04/2023,Elite Men International,6 Nations 2023,Own 22,Turnover,1,0.0,0.0,1.0,0.0,0,0.0,40.3
3,WAL,IRE,2/04/2023,Elite Men International,6 Nations 2023,Own 50,Kick fielded,1,6.0,2.0,0.0,2.0,0,0.0,40.56
3,IRE,WAL,2/04/2023,Elite Men International,6 Nations 2023,Own 50,Restart,1,1.0,2.0,0.0,1.0,0,0.0,41.14
3,WAL,IRE,2/04/2023,Elite Men International,6 Nations 2023,Own 50,Kick fielded,1,1.0,2.0,0.0,1.0,0,0.0,41.31
3,IRE,WAL,2/04/2023,Elite Men International,6 Nations 2023,Own 50,Kick fielded,1,1.0,2.0,0.0,1.0,0,0.0,41.47
3,WAL,IRE,2/04/2023,Elite Men International,6 Nations 2023,Own 50,Kick fielded,1,5.0,2.0,0.0,0.0,0,0.0,41.709999999999994
3,WAL,IRE,2/04/2023,Elite Men International,6 Nations 2023,Own 50,Penalty,1,0.0,0.0,1.0,0.0,0,0.0,42.489999999999995
3,WAL,IRE,2/04/2023,Elite Men International,6 Nations 2023,Opp 50,Lineout,1,4.0,4.0,0.0,0.0,0,0.0,43.32000000000001
3,WAL,IRE,2/04/2023,Elite Men International,6 Nations 2023,Opp 22,Penalty,1,0.0,0.0,1.0,0.0,0,0.0,44.099999999999994
3,WAL,IRE,2/04/2023,Elite Men International,6 Nations 2023,Opp 22,Lineout,1,5.0,4.0,0.0,0.0,7,46.0,46.0
3,WAL,IRE,2/04/2023,Elite Men International,6 Nations 2023,Own 50,Penalty,1,0.0,0.0,1.0,0.0,0,0.0,46.78
3,WAL,IRE,2/04/2023,Elite Men International,6 Nations 2023,Opp 22,Lineout,1,0.0,0.0,0.0,0.0,0,0.0,47.24
3,IRE,WAL,2/04/2023,Elite Men International,6 Nations 2023,Own 22,Scrum,1,0.0,0.0,0.0,0.0,0,0.0,48.43
3,IRE,WAL,2/04/2023,Elite Men International,6 Nations 2023,Own 22,Penalty,1,0.0,0.0,1.0,0.0,0,0.0,49.21
3,IRE,WAL,2/04/2023,Elite Men International,6 Nations 2023,Opp 50,Lineout,1,3.0,1.0,0.0,0.0,0,0.0,49.8
3,WAL,IRE,2/04/2023,Elite Men International,6 Nations 2023,Opp 50,Turnover,1,10.0,5.0,0.0,1.0,0,0.0,50.35
3,IRE,WAL,2/04/2023,Elite Men International,6 Nations 2023,Own 50,Kick fielded,1,0.0,1.0,0.0,0.0,0,0.0,50.42
3,WAL,IRE,2/04/2023,Elite Men International,6 Nations 2023,Opp 50,Penalty,1,0.0,0.0,1.0,0.0,0,0.0,51.2
3,WAL,IRE,2/04/2023,Elite Men International,6 Nations 2023,Opp 22,Lineout,1,1.0,4.0,0.0,0.0,0,0.0,51.97
3,IRE,WAL,2/04/2023,Elite Men International,6 Nations 2023,Own 22,Scrum,1,1.0,0.0,1.0,0.0,0,0.0,53.29
3,WAL,IRE,2/04/2023,Elite Men International,6 Nations 2023,Own 50,Kick fielded,1,3.0,1.0,1.0,0.0,0,0.0,53.53
3,IRE,WAL,2/04/2023,Elite Men International,6 Nations 2023,Own 22,Kick fielded,1,0.0,0.0,1.0,0.0,0,0.0,53.64
3,WAL,IRE,2/04/2023,Elite Men International,6 Nations 2023,Own 22,Kick fielded,1,2.0,3.0,0.0,1.0,0,0.0,53.89
3,IRE,WAL,2/04/2023,Elite Men International,6 Nations 2023,Own 50,Kick fielded,1,2.0,2.0,1.0,0.0,0,0.0,54.18
3,WAL,IRE,2/04/2023,Elite Men International,6 Nations 2023,Own 50,Kick fielded,1,1.0,0.0,0.0,0.0,0,0.0,54.2
3,IRE,WAL,2/04/2023,Elite Men International,6 Nations 2023,Own 22,Lineout,1,2.0,1.0,1.0,0.0,0,0.0,54.88
3,WAL,IRE,2/04/2023,Elite Men International,6 Nations 2023,Own 50,Kick fielded,1,1.0,0.0,0.0,1.0,0,0.0,54.9
3,WAL,IRE,2/04/2023,Elite Men International,6 Nations 2023,Opp 50,Penalty,1,0.0,0.0,1.0,0.0,0,0.0,55.68
3,WAL,IRE,2/04/2023,Elite Men International,6 Nations 2023,Opp 22,Lineout,1,0.0,0.0,0.0,0.0,0,0.0,56.14
3,IRE,WAL,2/04/2023,Elite Men International,6 Nations 2023,Own 22,Turnover,1,4.0,1.0,0.0,1.0,0,0.0,56.29
3,WAL,IRE,2/04/2023,Elite Men International,6 Nations 2023,Opp 50,Kick fielded,1,3.0,3.0,0.0,0.0,0,0.0,56.56
3,IRE,WAL,2/04/2023,Elite Men International,6 Nations 2023,Own 22,Turnover,1,1.0,0.0,1.0,0.0,0,0.0,56.69
3,WAL,IRE,2/04/2023,Elite Men International,6 Nations 2023,Own 50,Kick fielded,1,4.0,3.0,0.0,0.0,0,0.0,56.98
3,IRE,WAL,2/04/2023,Elite Men International,6 Nations 2023,Own 50,Penalty,1,0.0,0.0,1.0,0.0,0,0.0,57.77
3,IRE,WAL,2/04/2023,Elite Men International,6 Nations 2023,Opp 50,Lineout,1,21.0,12.0,1.0,0.0,0,0.0,59.59
3,IRE,WAL,2/04/2023,Elite Men International,6 Nations 2023,Opp 50,Penalty,1,0.0,0.0,1.0,0.0,0,0.0,60.38
3,IRE,WAL,2/04/2023,Elite Men International,6 Nations 2023,Opp 22,Lineout,1,0.0,1.0,0.0,0.0,0,0.0,60.910000000000004
3,WAL,IRE,2/04/2023,Elite Men International,6 Nations 2023,Own 22,Penalty,1,0.0,0.0,1.0,0.0,0,0.0,61.7
3,WAL,IRE,2/04/2023,Elite Men International,6 Nations 2023,Own 50,Lineout,1,2.0,1.0,1.0,1.0,0,0.0,62.37
3,WAL,IRE,2/04/2023,Elite Men International,6 Nations 2023,Opp 50,Restart,1,9.0,5.0,0.0,0.0,0,0.0,63.32
3,WAL,IRE,2/04/2023,Elite Men International,6 Nations 2023,Opp 22,Penalty,1,0.0,0.0,1.0,0.0,0,0.0,64.11000000000001
3,IRE,WAL,2/04/2023,Elite Men International,6 Nations 2023,Own 22,Turnover,1,1.0,2.0,1.0,0.0,0,0.0,64.38
3,WAL,IRE,2/04/2023,Elite Men International,6 Nations 2023,Opp 50,Lineout,1,6.0,2.0,0.0,0.0,0,0.0,65.1
3,IRE,WAL,2/04/2023,Elite Men International,6 Nations 2023,Own 50,Penalty,1,0.0,0.0,1.0,0.0,0,0.0,65.88
3,IRE,WAL,2/04/2023,Elite Men International,6 Nations 2023,Opp 50,Lineout,1,4.0,1.0,0.0,0.0,0,0.0,66.47999999999999
3,IRE,WAL,2/04/2023,Elite Men International,6 Nations 2023,Own 50,Scrum,1,0.0,1.0,0.0,0.0,0,0.0,67.75
3,WAL,IRE,2/04/2023,Elite Men International,6 Nations 2023,Opp 50,Penalty,1,0.0,0.0,1.0,0.0,0,0.0,68.53
3,WAL,IRE,2/04/2023,Elite Men International,6 Nations 2023,Opp 22,Lineout,1,1.0,1.0,0.0,0.0,0,0.0,69.08000000000001
3,IRE,WAL,2/04/2023,Elite Men International,6 Nations 2023,Own 22,Scrum,1,0.0,0.0,0.0,0.0,0,0.0,70.27000000000001
3,IRE,WAL,2/04/2023,Elite Men International,6 Nations 2023,Own 22,Penalty,1,0.0,0.0,1.0,0.0,0,0.0,71.05000000000001
3,WAL,IRE,2/04/2023,Elite Men International,6 Nations 2023,Own 50,Kick fielded,1,16.0,9.0,0.0,0.0,0,0.0,72.0
3,IRE,WAL,2/04/2023,Elite Men International,6 Nations 2023,Own 50,Turnover,1,1.0,0.0,1.0,0.0,0,0.0,72.13
3,WAL,IRE,2/04/2023,Elite Men International,6 Nations 2023,Own 22,Kick fielded,1,0.0,0.0,1.0,0.0,0,0.0,72.24000000000001
3,IRE,WAL,2/04/2023,Elite Men International,6 Nations 2023,Own 50,Kick fielded,1,21.0,13.0,0.0,0.0,7,73.0,73.0
3,IRE,WAL,2/04/2023,Elite Men International,6 Nations 2023,Own 50,Restart,1,0.0,0.0,0.0,0.0,0,0.0,73.42
3,WAL,IRE,2/04/2023,Elite Men International,6 Nations 2023,Opp 50,Turnover,1,8.0,3.0,0.0,1.0,0,0.0,73.78
3,IRE,WAL,2/04/2023,Elite Men International,6 Nations 2023,Own 50,Kick fielded,1,1.0,1.0,0.0,0.0,0,0.0,73.88
3,IRE,WAL,2/04/2023,Elite Men International,6 Nations 2023,Own 50,Penalty,1,0.0,0.0,1.0,0.0,0,0.0,74.66
3,IRE,WAL,2/04/2023,Elite Men International,6 Nations 2023,Opp 50,Lineout,1,4.0,1.0,0.0,0.0,0,0.0,75.27
3,IRE,WAL,2/04/2023,Elite Men International,6 Nations 2023,Opp 50,Scrum,1,0.0,0.0,0.0,0.0,0,0.0,76.45
3,WAL,IRE,2/04/2023,Elite Men International,6 Nations 2023,Own 22,Free-kick,1,18.0,10.0,0.0,0.0,0,0.0,78.19
3,IRE,WAL,2/04/2023,Elite Men International,6 Nations 2023,Opp 50,Penalty,1,0.0,0.0,1.0,0.0,0,0.0,78.98
3,IRE,WAL,2/04/2023,Elite Men International,6 Nations 2023,Opp 22,Lineout,1,3.0,4.0,0.0,1.0,0,82.0,82.0
